time,open,high,low,close,volume
2023-11-07,58.08,58.28,57.69,57.95,1343408
2023-11-08,57.88,60.77,57.75,60.77,2947501
2023-11-09,60.38,61.23,60.25,60.71,2114138
2023-11-10,60.05,60.84,59.92,60.05,2409873
2023-11-13,60.11,60.38,59.39,59.98,1534993
2023-11-14,60.38,61.3,59.92,60.77,2000413
2023-11-15,61.49,61.56,60.38,60.64,2420392
2023-11-16,60.51,61.03,60.11,61.03,1908811
2023-11-17,61.3,61.36,59.46,59.72,3572003
2023-11-20,59.13,60.77,58.47,59.52,1659285
2023-11-21,60.38,60.38,59.52,60.31,1462987
2023-11-22,60.31,61.1,60.31,61.03,3274558
2023-11-23,61.23,61.49,59.59,59.59,2168399
2023-11-24,59.59,60.38,59.2,59.85,2251338
2023-11-27,59.98,59.98,59.13,59.52,1661825
2023-11-28,59.59,60.31,59.0,59.79,1092670
2023-11-29,60.11,60.38,59.79,60.18,804163
2023-11-30,59.98,61.49,59.92,60.31,1984701
2023-12-01,60.51,60.97,59.92,60.64,1192386
2023-12-04,60.77,61.69,60.77,61.43,3466947
2023-12-05,61.56,62.87,61.49,62.21,3596254
2023-12-06,62.35,62.61,61.76,62.35,1223469
2023-12-07,62.41,62.54,60.9,61.89,3765052
2023-12-08,61.89,62.41,61.36,61.82,1747729
2023-12-11,62.67,62.81,62.08,62.35,1567612
2023-12-12,62.61,63.53,62.54,63.53,4090519
2023-12-13,63.92,63.92,62.48,62.48,2152046
2023-12-14,62.87,63.26,62.48,63.13,1715423
2023-12-15,63.13,63.2,62.35,63.13,1477484
2023-12-18,62.94,63.13,61.49,61.69,2269177
2023-12-19,61.62,62.08,61.43,62.08,1253010
2023-12-20,61.89,62.35,61.76,62.15,1351472
2023-12-21,62.08,62.41,61.69,62.41,1758872
2023-12-22,62.35,62.41,61.95,62.08,1276887
2023-12-25,62.28,63.13,62.21,63.0,2019931
2023-12-26,63.33,64.71,63.26,63.79,3364283
2023-12-27,63.92,64.18,63.59,63.59,1359748
2023-12-28,63.66,63.66,63.2,63.4,1199164
2023-12-29,63.4,63.66,63.07,63.07,1869204
2024-01-02,63.59,63.59,62.81,62.94,1717109
2024-01-03,62.74,63.33,62.61,63.2,1439581
2024-01-04,63.2,64.58,63.13,63.79,2978466
2024-01-05,63.86,63.99,63.33,63.92,1140908
2024-01-08,63.92,64.51,63.72,63.86,1446808
2024-01-09,63.86,63.86,63.4,63.4,1213774
2024-01-10,63.46,63.59,62.02,62.15,3309732
2024-01-11,62.15,62.61,62.15,62.35,1373914
2024-01-12,62.21,62.74,61.76,62.15,2602405
2024-01-15,62.35,62.94,62.28,62.61,1315058
2024-01-16,62.15,62.81,62.15,62.81,811904
2024-01-17,62.74,63.0,62.35,62.81,1416305
2024-01-18,62.81,63.0,62.48,62.74,1139263
2024-01-19,63.0,63.59,62.81,63.2,1495663
2024-01-22,63.53,63.53,62.87,63.26,1110387
2024-01-23,63.07,63.26,62.61,62.74,1482899
2024-01-24,62.87,62.87,62.28,62.35,1725114
2024-01-25,62.41,62.81,62.21,62.41,847088
2024-01-26,62.67,63.13,62.54,62.94,927816
2024-01-29,62.94,63.07,62.54,62.94,1062382
2024-01-30,62.94,62.94,62.61,62.74,950876
2024-01-31,62.74,63.0,62.67,62.81,1383416
2024-02-01,62.94,65.56,62.81,65.56,7803177
2024-02-02,65.76,67.07,65.69,66.94,2885879
2024-02-05,66.94,68.32,66.87,67.92,2701349
2024-02-06,67.99,68.91,67.53,68.32,1890491
2024-02-07,68.71,68.91,68.19,68.84,2130668
2024-02-15,69.04,69.24,68.12,68.25,2254547
2024-02-16,68.25,68.97,68.12,68.97,2070089
2024-02-19,69.24,70.22,68.91,68.91,2037643
2024-02-20,69.04,69.04,68.25,68.45,1848111
2024-02-21,68.25,70.16,67.92,69.5,3141692
2024-02-22,69.5,69.57,68.65,68.65,1722092
2024-02-23,69.24,70.02,67.79,68.19,4108378
2024-02-26,68.19,70.88,67.92,70.88,4472548
2024-02-27,71.21,71.86,70.48,70.81,2807162
2024-02-28,70.88,71.21,69.76,71.21,3466729
2024-02-29,71.01,71.8,70.68,71.53,2829302
2024-03-01,71.67,73.11,71.6,72.72,4028406
2024-03-04,72.85,73.37,72.72,73.11,3092985
2024-03-05,73.11,73.11,72.12,72.65,3390992
2024-03-06,72.19,72.45,71.14,71.6,3710122
2024-03-07,71.6,74.75,71.01,73.04,4044840
2024-03-08,73.04,73.9,71.86,72.19,3122548
2024-03-11,72.19,74.49,72.19,72.19,3389872
2024-03-12,72.19,74.49,72.19,73.44,2912964
2024-03-13,74.03,76.78,73.5,76.78,5125138
2024-03-14,77.77,77.77,75.93,76.78,3472473
2024-03-15,76.65,76.65,75.14,76.13,3846741
2024-03-18,76.0,76.0,72.91,74.16,5898676
2024-03-19,74.16,74.16,72.91,73.5,3324749
2024-03-20,73.7,75.47,72.91,75.14,3483551
2024-03-21,75.6,76.26,75.21,76.26,3762372
2024-03-22,76.32,76.32,75.14,75.41,2420313
2024-03-25,74.88,75.54,74.68,74.82,2799669
2024-03-26,74.82,75.8,74.55,75.47,1696761
2024-03-27,75.27,75.67,74.88,75.6,1323812
2024-03-28,76.06,77.05,75.67,76.85,2808951
2024-03-29,76.39,76.92,76.13,76.46,1346605
2024-04-01,76.13,77.18,75.6,76.65,1980689
2024-04-02,75.73,76.78,75.73,76.78,2289100
2024-04-03,76.19,76.78,75.54,75.54,2555654
2024-04-04,75.47,76.0,74.82,74.82,2369065
2024-04-05,74.22,75.27,73.9,74.62,2764447
2024-04-08,74.62,74.62,73.9,73.9,1957677
2024-04-09,73.9,74.29,73.83,74.16,1437679
2024-04-10,74.49,75.87,74.36,74.68,1795600
2024-04-11,74.49,75.73,74.36,75.41,1553032
2024-04-12,76.06,76.06,75.01,75.8,1371708
2024-04-15,75.8,75.87,73.17,73.24,3709209
2024-04-16,73.5,74.29,73.17,74.16,3651849
2024-04-17,74.22,74.22,73.24,73.37,1949454
2024-04-19,72.52,72.98,71.53,71.53,5373515
2024-04-22,72.19,73.11,71.47,72.39,2403688
2024-04-23,72.78,74.36,72.12,73.7,4041971
2024-04-24,74.55,78.82,74.29,78.82,10179208
2024-04-25,80.39,84.0,80.0,80.85,5718864
2024-04-26,80.72,82.3,80.2,80.85,3402188
2024-05-02,81.25,84.66,81.05,83.54,3477702
2024-05-03,84.07,84.27,82.43,82.63,3199400
2024-05-06,83.02,83.74,81.71,83.74,2710850
2024-05-07,84.0,86.37,83.48,86.17,3130425
2024-05-08,85.38,85.97,84.86,85.97,3024432
2024-05-09,85.71,87.15,85.32,85.51,2208946
2024-05-10,86.17,86.76,84.79,85.97,3797696
2024-05-13,86.17,86.3,84.53,85.12,1857811
2024-05-14,85.32,86.43,85.05,85.64,2309312
2024-05-15,86.3,88.27,86.17,88.01,3659473
2024-05-16,88.99,90.11,88.07,88.86,3128143
2024-05-17,88.86,89.25,87.74,88.27,2314616
2024-05-20,88.73,89.32,87.28,87.28,2020789
2024-05-21,87.94,89.25,87.61,89.25,3478265
2024-05-22,90.5,91.68,89.32,90.57,4522916
2024-05-23,90.24,90.43,88.6,90.24,3630410
2024-05-24,90.57,90.57,85.71,86.56,13398023
2024-05-27,87.28,87.61,85.71,87.15,5172903
2024-05-28,87.94,89.91,87.35,89.91,4632228
2024-05-29,89.98,90.7,88.47,89.06,5844515
2024-05-30,87.81,88.6,86.56,88.6,7273584
2024-05-31,88.6,89.78,87.81,88.33,2639516
2024-06-03,88.6,90.3,88.4,89.84,7782256
2024-06-04,91.22,91.42,90.43,91.29,7019713
2024-06-05,91.88,95.09,91.68,91.94,6336780
2024-06-06,92.08,92.99,91.09,91.62,5222139
2024-06-07,92.53,93.19,92.21,93.19,3762372
2024-06-10,94.18,95.16,93.85,94.5,3785656
2024-06-11,94.7,96.14,93.91,96.14,6340276
2024-06-12,97.2,100.84,97.12,100.31,11246768
2024-06-13,101.6,101.68,98.79,98.79,8167546
2024-06-14,98.87,100.77,98.03,99.55,6425220
2024-06-17,99.55,99.85,97.65,97.88,4890848
2024-06-18,97.88,98.56,97.27,97.27,6694763
2024-06-19,97.27,100.92,96.21,99.93,9684926
2024-06-20,101.07,103.12,100.16,101.3,10482529
2024-06-21,101.75,103.43,101.3,103.43,7663338
2024-06-24,102.59,102.97,100.31,100.39,13202385
2024-06-25,99.55,99.63,97.73,98.79,13723703
2024-06-26,99.55,100.16,98.33,100.16,7158131
2024-06-27,99.78,101.91,99.4,100.92,6409612
2024-06-28,100.92,100.92,99.09,99.17,6641381
2024-07-01,99.09,99.09,97.65,97.73,6386361
2024-07-02,97.73,100.39,96.89,97.27,6735345
2024-07-03,99.17,100.92,98.87,99.55,7642345
2024-07-04,100.39,103.2,100.39,103.2,8129152
2024-07-05,103.43,106.16,103.43,105.4,7807749
2024-07-08,105.25,106.09,104.49,106.09,5876745
2024-07-09,105.71,105.86,103.35,104.49,9689262
2024-07-10,103.35,104.11,101.83,101.83,6309470
2024-07-11,101.91,102.89,100.69,101.07,6857179
2024-07-12,100.46,103.35,100.46,101.68,3562395
2024-07-15,101.45,102.44,100.54,100.84,3074934
2024-07-16,101.53,102.21,100.54,101.83,4007693
2024-07-17,101.83,101.91,98.71,100.23,6980219
2024-07-18,99.85,99.85,97.12,97.2,10828773
2024-07-19,97.73,98.26,95.75,95.75,6581002
2024-07-22,95.75,95.75,93.62,94.31,6242427
2024-07-23,94.92,96.89,94.84,95.37,5323805
2024-07-24,95.37,96.21,94.23,95.75,4160841
2024-07-25,94.38,95.37,94.31,94.99,2569074
2024-07-26,95.68,97.27,94.54,97.27,3959362
2024-07-29,98.79,99.25,98.03,98.03,4867859
2024-07-30,98.03,98.41,96.51,97.27,2383126
2024-07-31,96.74,97.73,96.21,97.73,2875191
2024-08-01,98.49,98.56,94.31,94.84,6904015
2024-08-02,92.79,94.84,91.95,93.62,9975015
2024-08-05,92.03,93.4,89.22,90.13,10450171
2024-08-06,91.19,92.64,91.04,91.8,6748144
2024-08-07,91.95,92.71,91.34,92.71,2832328
2024-08-08,92.41,93.02,91.88,92.26,2663832
2024-08-09,93.02,96.44,92.71,96.44,5511755
2024-08-12,96.44,98.94,95.9,98.79,6204408
2024-08-13,98.56,98.94,97.27,98.56,4110939
2024-08-14,99.32,99.93,98.41,98.41,2869469
2024-08-15,98.11,98.41,97.42,97.8,2266445
2024-08-16,98.11,99.55,98.11,99.25,5109223
2024-08-19,99.63,99.85,98.79,99.17,2508560
2024-08-20,99.32,100.69,99.32,99.93,3753490
2024-08-21,99.25,101.68,99.25,101.45,6137230
2024-08-22,101.83,102.21,101.45,101.68,3032995
2024-08-23,101.6,101.6,100.61,101.15,3064441
2024-08-26,101.3,101.45,99.93,99.93,2598875
2024-08-27,99.93,100.77,99.09,100.69,2346895
2024-08-28,101.07,102.21,100.99,101.3,2721387
2024-08-29,100.92,101.68,100.46,101.6,2098979
2024-08-30,101.45,102.51,101.07,102.44,3327420
2024-09-04,101.07,101.07,99.93,101.07,4547807
2024-09-05,101.07,101.07,98.56,99.25,8071651
2024-09-06,99.17,100.99,99.02,100.39,3829410
2024-09-09,99.4,100.23,98.87,99.78,2891093
2024-09-10,99.55,99.55,98.49,98.79,4203583
2024-09-11,98.79,99.78,98.64,99.25,3196732
2024-09-12,99.55,100.69,99.55,100.54,4124400
2024-09-13,100.46,101.37,100.31,101.07,3191984
2024-09-16,100.16,101.07,99.63,99.63,1921844
2024-09-17,99.7,100.99,99.7,100.99,2656869
2024-09-18,101.37,102.74,100.99,102.29,5390349
2024-09-19,102.59,103.2,102.06,102.74,5162767
2024-09-20,103.58,104.11,102.59,102.82,3728818
2024-09-23,103.27,103.27,101.37,101.83,2449563
2024-09-24,101.83,102.36,101.6,102.21,2017214
2024-09-25,102.06,102.44,101.53,102.44,4486319
2024-09-26,102.59,102.59,101.75,102.06,2821536
2024-09-27,102.06,102.13,101.45,101.98,3358474
2024-09-30,101.98,102.21,101.07,102.21,3037449
2024-10-01,102.36,103.5,102.36,103.27,4732079
2024-10-02,102.29,103.27,102.29,102.89,1725815
2024-10-03,102.89,103.43,101.83,101.83,2306560
2024-10-04,102.06,102.44,101.45,101.91,1473158
2024-10-07,101.98,102.51,101.53,101.91,1336595
2024-10-08,101.91,102.67,101.53,101.68,2114750
2024-10-09,102.06,103.2,102.06,102.89,2626409
2024-10-10,103.2,107.91,103.2,107.68,9980507
2024-10-11,107.91,108.52,106.09,106.09,3824418
2024-10-14,107.23,107.38,104.19,104.57,5616349
2024-10-15,104.57,105.33,103.81,104.11,2869640
2024-10-16,103.65,104.19,103.35,103.58,2762322
2024-10-17,103.73,104.19,102.97,104.11,2584896
2024-10-18,104.41,104.72,103.81,104.11,2175065
2024-10-21,104.11,104.64,102.97,102.97,2688428
2024-10-22,103.12,103.12,101.07,101.15,6022016
2024-10-23,100.99,102.44,100.77,101.98,3019672
2024-10-24,101.98,102.06,101.68,102.06,2281798
2024-10-25,102.06,102.29,101.53,101.83,1843711
2024-10-28,101.91,102.59,101.53,102.51,1509996
2024-10-29,102.89,102.97,102.44,102.89,2462885
2024-10-30,102.89,103.27,102.74,103.27,1713550
2024-10-31,103.27,103.35,102.82,103.27,1244928
2024-11-01,102.59,102.59,101.53,102.29,2676189
2024-11-04,102.29,102.29,100.84,100.92,3188263
2024-11-05,101.07,101.83,100.54,100.77,1663185
2024-11-06,101.15,102.29,101.07,102.29,1805646
2024-11-07,102.82,104.57,101.98,102.67,3579749
2024-11-08,103.43,103.96,102.67,103.2,2110766
2024-11-11,103.73,106.01,103.35,105.1,5301235
2024-11-12,105.33,105.55,103.27,103.96,2921656
2024-11-13,103.88,104.95,103.43,104.72,3460835
2024-11-14,104.79,106.31,103.35,103.35,4743684
2024-11-15,102.82,103.12,100.77,101.75,6574421
2024-11-18,101.83,102.29,100.69,101.83,3910975
2024-11-19,101.45,101.53,98.71,98.79,7652727
2024-11-20,98.79,100.61,96.28,100.61,8474055
2024-11-21,100.61,101.07,99.55,101.07,3183165
2024-11-22,100.99,102.13,100.69,101.75,2920914
2024-11-25,101.83,101.83,101.22,101.75,1855059
2024-11-26,101.37,103.27,101.3,102.74,4182343
2024-11-27,102.74,106.16,102.74,105.55,9826373
2024-11-28,105.93,106.39,105.1,105.93,4750858
2024-11-29,105.93,110.49,105.63,109.66,11617080
2024-12-02,110.42,111.72,108.35,108.81,6629554
2024-12-03,108.43,111.64,108.43,110.96,5115471
2024-12-04,110.96,111.95,109.27,109.81,5618586
2024-12-05,110.19,113.63,109.88,113.63,4862983
2024-12-06,116.24,116.24,113.25,114.4,4554818
2024-12-09,114.17,114.4,111.8,112.49,4551406
2024-12-10,112.56,114.4,112.49,114.4,3603755
2024-12-11,114.78,116.08,114.55,115.16,4828035
2024-12-12,116.24,116.24,114.17,114.93,4158310
2024-12-13,114.4,115.47,114.32,114.4,3387167
2024-12-16,114.48,115.24,114.4,114.7,3296592
2024-12-17,114.86,115.16,113.02,113.25,5958677
2024-12-18,113.25,114.63,113.25,113.79,2927454
2024-12-19,112.72,114.02,112.64,113.33,4811922
2024-12-20,113.63,115.24,113.48,114.4,3544255
2024-12-23,114.4,114.7,113.79,114.63,2520029
2024-12-24,114.78,115.39,114.32,115.09,2306686
2024-12-25,115.24,115.7,115.09,115.39,2517969
2024-12-26,115.55,115.85,114.09,114.63,2238343
2024-12-27,114.4,114.7,113.79,114.48,2567003
2024-12-30,114.32,115.39,113.63,115.16,1986819
2024-12-31,115.32,117.77,115.01,116.69,3612655
2025-01-02,116.69,116.85,114.86,116.31,3179535
2025-01-03,115.78,115.78,114.02,114.02,4342125
2025-01-06,114.09,114.93,113.56,114.25,3472044
2025-01-07,114.4,115.78,114.4,114.86,3458671
2025-01-08,114.78,114.78,113.33,113.48,3886957
2025-01-09,113.48,114.17,113.25,113.86,1724571
2025-01-10,113.86,114.09,112.64,112.72,2531304
2025-01-13,111.8,113.63,110.73,112.94,3495883
2025-01-14,112.94,113.25,111.03,111.03,2910614
2025-01-15,111.72,112.1,110.8,111.34,2849518
2025-01-16,111.87,112.49,111.11,112.1,3577267
2025-01-17,112.18,114.86,111.72,114.02,3543613
2025-01-20,114.02,115.09,113.4,114.78,2222776
2025-01-21,115.16,115.85,114.02,114.7,2487666
2025-01-22,114.48,115.24,114.17,114.55,2791445
2025-01-23,114.86,119.37,114.78,118.07,7071025
2025-01-24,117.92,118.22,117.38,117.38,3663137
2025-02-03,113.25,114.17,111.18,111.34,12782345
2025-02-04,111.72,112.49,111.18,111.87,5484258
2025-02-05,112.41,112.87,111.57,111.95,5215921
2025-02-06,112.49,112.72,111.41,112.1,3436430
2025-02-07,112.1,112.26,111.57,111.8,3871195
2025-02-10,111.34,111.34,108.66,108.66,7778331
2025-02-11,108.81,111.26,107.21,111.26,5374143
2025-02-12,111.41,111.49,110.42,110.96,1894041
2025-02-13,110.96,110.96,109.2,109.5,2864744
2025-02-14,110.19,110.96,109.88,110.88,3258612
2025-02-17,110.96,110.96,109.73,109.88,2476462
2025-02-18,110.04,110.5,109.5,110.11,1670138
2025-02-19,110.11,110.88,109.5,110.19,3035921
2025-02-20,110.34,110.65,109.43,109.43,3392942
2025-02-21,109.27,109.35,108.28,108.66,5328132
2025-02-24,108.66,108.66,106.75,107.51,7522473
2025-02-25,107.44,107.44,105.75,106.36,6832220
2025-02-26,106.44,108.51,106.29,108.51,3331505
2025-02-27,108.66,108.81,107.67,108.12,3433107
2025-02-28,107.21,107.97,106.36,107.36,4704828
2025-03-03,107.51,108.2,107.36,107.51,2546980
2025-03-04,106.75,107.59,106.59,107.13,3480042
2025-03-05,107.13,107.21,106.44,106.44,2862185
2025-03-06,106.75,109.81,106.75,108.35,6428376
2025-03-07,108.43,109.2,107.97,108.2,2966941
2025-03-10,108.28,108.28,106.52,106.59,5343134
2025-03-11,105.6,105.98,104.83,105.22,5801595
2025-03-12,105.37,106.13,103.99,103.99,6229823
2025-03-13,104.15,105.6,104.15,104.45,3630282
2025-03-14,103.76,104.3,100.09,100.55,16174178
2025-03-17,100.7,101.08,99.17,99.48,6750806
2025-03-18,99.55,101.16,99.48,99.48,5538119
2025-03-19,99.55,99.94,94.5,95.35,18229064
2025-03-20,95.35,97.03,95.27,95.65,8231543
2025-03-21,95.65,98.71,95.65,97.95,6450846
2025-03-24,98.33,98.94,97.41,98.71,5114180
2025-03-25,99.32,99.4,96.8,96.8,5662235
2025-03-26,96.8,96.8,93.89,94.12,9787345
2025-03-27,93.36,96.8,92.67,96.57,6486187
2025-03-28,96.49,96.72,94.89,94.89,2959445
2025-03-31,94.43,94.43,92.59,92.59,5435725
2025-04-01,93.36,93.51,90.91,92.21,7866837
2025-04-02,92.74,93.59,92.44,93.36,3932911
2025-04-03,87.77,89.99,86.85,86.85,11536434
2025-04-04,80.81,87.16,80.81,86.47,21606397
2025-04-08,81.11,82.64,80.42,80.42,16338312
2025-04-09,74.84,82.64,74.84,80.58,16920135
2025-04-10,86.16,86.16,86.16,86.16,1009422
2025-04-11,89.53,90.68,87.46,90.68,19273397
2025-04-14,91.83,91.83,87.23,90.68,9243738
2025-04-15,88.84,89.53,87.0,88.76,7787164
2025-04-16,87.62,88.69,82.57,82.57,18073930
2025-04-17,80.35,85.17,80.27,83.71,8598000
2025-04-18,84.56,88.0,84.56,85.4,7503525
2025-04-21,85.7,86.09,84.17,85.47,4346403
2025-04-22,84.94,85.09,79.58,84.48,9157581
2025-04-23,85.47,85.47,82.41,84.48,5722250
2025-04-24,85.32,87.0,84.63,85.7,7752762
2025-04-25,85.7,86.01,84.33,86.01,5395660
2025-04-28,85.7,86.01,83.56,83.79,3871885
2025-04-29,83.87,84.56,83.48,83.71,2963086
2025-05-05,83.79,83.94,81.8,83.1,7187087
2025-05-06,83.1,84.94,83.1,83.94,5700105
2025-05-07,83.87,85.09,83.33,83.94,3939067
2025-05-08,84.48,87.69,83.41,87.46,12669001
2025-05-09,87.46,89.07,86.85,88.76,8515499
2025-05-12,89.53,90.83,89.3,90.52,8737998
2025-05-13,91.83,92.05,90.75,91.44,8585153
2025-05-14,91.83,96.65,91.83,96.65,12115033
2025-05-15,96.8,97.11,94.58,95.65,7832064
2025-05-16,95.27,95.42,92.51,92.59,8039229
2025-05-19,90.91,92.21,89.22,90.45,9942512
2025-05-20,89.38,91.29,89.38,91.21,7929467
2025-05-21,91.83,91.83,89.53,90.52,6040245
2025-05-22,89.61,89.99,88.46,89.38,6376715
2025-05-23,89.3,90.14,88.76,89.61,4456672
2025-05-26,89.3,90.14,88.0,89.76,4039601
2025-05-27,89.84,91.37,89.84,91.06,5512819
2025-05-28,91.21,91.37,89.91,90.6,3948303
2025-05-29,91.06,91.06,89.61,89.61,2945136
2025-05-30,90.29,90.45,89.15,89.15,4051804
2025-06-02,89.15,89.61,88.46,88.84,2932470
2025-06-03,89.3,90.29,88.99,89.84,3410333
2025-06-04,90.29,90.45,89.15,89.61,2883362
2025-06-05,89.61,89.76,89.15,89.38,2311499
2025-06-06,89.38,89.38,88.0,88.0,5400395
2025-06-09,88.38,89.45,88.0,88.92,3064841
2025-06-10,89.53,89.84,88.53,88.53,3372461
2025-06-11,88.84,90.45,88.84,90.22,5756496
2025-06-12,90.76,90.84,89.91,90.3,4162497
2025-06-13,89.53,89.91,88.68,89.06,6182491
2025-06-16,88.83,92.46,88.75,91.84,8087673
2025-06-17,91.84,92.07,91.22,91.69,4613155
2025-06-18,91.69,92.23,89.83,90.3,6571082
2025-06-19,90.3,90.37,89.29,89.53,5416264
2025-06-20,89.6,90.22,89.37,89.6,4347313
2025-06-23,89.14,89.76,88.37,89.45,4602132
2025-06-24,89.76,90.3,89.76,89.91,4281302
2025-06-25,90.3,92.15,90.3,90.37,6014965
2025-06-26,91.07,91.3,89.99,90.3,4141284
2025-06-27,90.3,91.3,90.22,90.53,5273001
2025-06-30,90.99,92.23,90.76,91.22,6879228
2025-07-01,91.84,92.23,91.22,91.69,4621512
2025-07-02,91.45,91.61,90.76,91.53,3672455
2025-07-03,91.45,92.46,90.91,91.07,6321182
2025-07-04,91.45,95.24,91.38,94.54,12854266
2025-07-07,95.16,96.24,94.93,95.55,6403004
2025-07-08,95.78,97.01,95.7,96.09,8085628
2025-07-09,96.32,96.39,94.39,94.77,12226586
2025-07-10,95.55,96.7,95.31,95.62,5193049
2025-07-11,96.47,98.79,96.16,97.71,10762062
2025-07-14,98.17,98.71,96.47,98.09,6000215
2025-07-15,97.71,98.63,97.24,97.24,5621345
2025-07-16,97.78,98.01,96.55,97.47,5077050
2025-07-17,97.78,99.64,97.24,98.01,8355437
2025-07-18,98.79,98.79,97.24,97.24,6512306
2025-07-21,99.75,99.75,97.89,97.89,7612979
2025-07-22,97.89,99.58,96.47,99.49,6912737
2025-07-23,99.67,100.11,98.78,99.22,4825624
2025-07-24,99.4,99.49,98.33,98.6,6455334
2025-07-25,98.6,98.96,98.07,98.25,5163242
2025-07-28,98.33,99.04,98.07,98.78,7635424
2025-07-29,98.78,99.04,94.07,94.07,16133144
2025-07-30,94.96,95.85,93.45,94.16,7517104
2025-07-31,94.16,94.87,92.12,92.3,8989001
2025-08-01,92.03,95.32,90.08,94.96,10935794
2025-08-04,94.52,94.61,93.01,94.61,4637013
2025-08-05,94.96,96.47,93.19,93.9,11433392
2025-08-06,94.07,94.25,92.74,93.1,11864447
2025-08-07,93.72,95.32,93.1,94.25,9589089
2025-08-08,94.52,95.32,93.01,93.72,9207301
2025-08-11,93.99,97.18,93.45,94.43,10309903
2025-08-12,95.32,96.03,94.61,95.41,11035855
2025-08-13,95.49,95.67,93.1,93.28,21892517
2025-08-14,93.9,93.9,92.03,92.12,17948903
2025-08-15,92.12,93.01,89.9,89.99,18697086
2025-08-18,89.99,91.41,88.75,89.19,11450410
2025-08-19,89.28,90.08,88.75,89.02,9198729
2025-08-20,88.84,89.02,86.53,86.71,20040979
2025-08-21,86.71,91.32,86.71,90.26,12663739
2025-08-22,90.17,90.17,87.68,87.86,7246765
2025-08-25,90.52,90.52,87.68,87.68,6761832
2025-08-26,87.68,88.75,86.89,88.75,5833293
2025-08-27,89.99,93.28,89.81,93.19,19471753
2025-08-28,93.28,93.28,91.23,92.74,6299351
2025-08-29,93.19,93.19,90.17,90.17,11117268
2025-09-03,90.52,91.68,88.75,91.59,9772872
2025-09-04,91.68,93.63,91.59,93.19,11059038
2025-09-05,93.36,93.63,91.77,91.77,8835511
2025-09-08,91.41,92.21,90.44,90.44,10622551
2025-09-09,90.52,91.41,89.64,90.61,6478341
2025-09-10,90.61,91.32,89.73,89.81,5512255
2025-09-11,89.81,91.32,89.19,90.52,7433193
2025-09-12,90.52,91.32,89.73,90.17,7498375
2025-09-15,90.44,91.86,90.08,90.44,14167008
2025-09-16,91.15,93.01,90.52,91.86,17583475
2025-09-17,92.3,95.67,92.3,93.63,20083197
2025-09-18,94.07,94.34,91.41,91.41,8227572
2025-09-19,92.12,92.12,89.19,91.41,23557247
2025-09-22,90.97,91.15,88.39,88.48,16326968
2025-09-23,88.75,88.75,86.53,86.97,18365378
2025-09-24,87.06,88.31,86.44,88.31,7459032
2025-09-25,88.31,88.31,86.89,86.97,8659161
2025-09-26,87.15,88.13,86.44,86.53,8115898
2025-09-29,86.8,86.8,84.76,84.76,10488698
2025-09-30,84.76,85.02,82.36,82.54,12086512
2025-10-01,82.71,83.87,81.12,82.89,7440061
2025-10-02,82.45,82.89,81.65,81.74,7990319
2025-10-03,81.83,83.42,81.74,82.89,7702876
2025-10-06,83.69,85.11,82.98,84.76,6617245
2025-10-07,85.2,85.47,84.49,84.76,6023461
2025-10-08,84.76,86.0,83.87,83.87,5157890
2025-10-09,84.31,84.31,82.98,83.6,5741465
2025-10-10,83.6,85.64,83.25,85.29,8616495
2025-10-13,84.22,84.22,83.16,83.42,7953799
2025-10-14,83.51,83.87,82.0,82.0,12713796
2025-10-15,82.18,82.63,79.43,79.52,18824893
2025-10-16,79.7,81.21,79.52,79.7,7973952
2025-10-17,79.96,81.21,78.19,78.19,8423276
2025-10-20,78.37,81.47,77.21,77.21,14633215
2025-10-21,78.99,82.54,78.54,82.54,19571735
2025-10-22,84.49,87.86,84.31,86.09,18365820
2025-10-23,86.26,86.35,83.42,84.31,6673501
2025-10-24,84.31,86.71,84.05,86.71,13797916
2025-10-27,87.86,88.48,85.47,86.97,12946379
2025-10-28,87.51,90.7,87.51,90.7,20966367
2025-10-29,90.88,91.59,89.73,90.26,9344715
2025-10-30,90.61,91.86,90.17,91.15,9758541
2025-10-31,91.06,92.21,89.64,92.21,14854263
2025-11-03,92.12,94.34,91.86,93.19,21030571
2025-11-04,92.39,92.92,90.26,91.68,10662165
2025-11-05,90.35,90.52,88.39,89.55,11784047
2025-11-06,89.55,90.52,88.22,88.93,6781958
2025-11-07,88.31,90.35,88.31,89.64,5881390
2025-11-10,89.81,89.81,85.38,85.38,10115824
2025-11-11,85.91,86.89,85.29,85.29,6649987
2025-11-12,85.64,89.28,85.64,89.28,6649911
2025-11-13,89.28,89.37,87.6,87.77,4774081
2025-11-14,87.77,89.55,87.15,88.75,4713954
2025-11-17,89.28,90.35,89.28,89.64,5607991
2025-11-18,89.64,89.73,87.68,88.75,6522460
2025-11-19,88.31,88.31,86.97,86.97,5191305
2025-11-20,87.51,88.48,87.06,87.86,4608598
2025-11-21,86.97,89.81,86.8,89.46,7956420
2025-11-24,89.37,89.73,88.39,88.93,5079550
2025-11-25,88.48,89.02,87.86,88.48,4510630
2025-11-26,88.57,88.93,87.77,87.86,5843562
2025-11-27,88.04,88.57,87.06,88.31,4796150
2025-11-28,87.95,88.22,86.18,86.18,6239769
2025-12-01,86.89,87.61,86.18,86.62,3145177
2025-12-02,86.8,87.25,85.55,86.62,5590644
2025-12-03,86.98,86.98,86.09,86.62,6491714
2025-12-04,86.62,88.33,86.62,87.43,7409987
2025-12-05,87.43,87.43,86.18,86.27,5090389
2025-12-08,86.62,87.25,85.64,85.64,5307100
2025-12-09,85.64,86.98,84.65,86.89,9995279
2025-12-10,87.07,87.07,85.73,85.73,3909618
2025-12-11,86.0,86.62,85.73,86.09,5211998
2025-12-12,86.09,86.09,83.84,84.02,5546553
2025-12-15,84.2,84.65,83.84,84.11,3544964
2025-12-16,84.2,85.55,82.5,85.1,6319127
2025-12-17,84.65,86.36,84.65,86.0,4987508
2025-12-18,85.64,85.73,84.2,84.65,4132572
2025-12-19,84.29,85.19,83.93,84.2,4506285
2025-12-22,84.38,84.56,83.84,84.02,6169771
2025-12-23,84.29,86.0,83.93,84.29,6027267
2025-12-24,84.38,84.47,83.49,83.93,3914048
2025-12-25,83.93,85.01,83.4,83.4,4583931
2025-12-26,83.13,83.4,81.6,82.95,6644428
2025-12-29,82.95,85.1,82.95,84.56,6316449
2025-12-30,84.74,86.62,84.56,86.54,7290492
2025-12-31,86.8,86.98,85.37,85.91,3098712
2026-01-05,85.82,85.82,83.58,85.19,7052389
2026-01-06,84.92,85.01,83.93,84.29,5412460
2026-01-07,84.38,87.52,84.29,87.43,11454407
2026-01-08,87.97,87.97,86.54,86.54,5596578
2026-01-09,86.18,89.58,86.09,87.34,10078520
2026-01-12,87.88,89.23,87.88,89.23,9107218
2026-01-13,89.4,91.2,87.79,88.69,9442492
2026-01-14,88.78,90.66,87.7,89.49,11927501
2026-01-15,89.49,91.2,88.24,88.33,7428671
2026-01-16,89.23,94.43,89.23,94.43,23987996
2026-01-19,97.48,97.48,94.61,94.87,14761552
2026-01-20,95.14,95.95,93.26,93.35,12255311
2026-01-21,92.54,95.5,90.66,94.16,14561573
2026-01-22,94.61,94.87,92.81,92.81,8120094
2026-01-23,92.9,93.8,90.57,90.57,9446869
2026-01-26,89.85,91.11,87.88,88.33,11219398
2026-01-27,89.31,91.92,88.87,91.56,10605437
2026-01-28,91.83,94.87,91.74,93.71,11978840
2026-01-29,94.16,96.13,92.99,95.14,14286613
2026-01-30,95.41,95.41,93.17,93.71,10861254
2026-02-02,92.63,93.53,91.11,93.53,9362784
2026-02-03,94.07,94.52,92.27,93.17,9116438
2026-02-04,92.45,92.81,91.02,91.38,11665250
2026-02-05,90.75,91.38,88.78,88.78,18118564
2026-02-06,87.88,89.67,86.71,87.52,9796115
2026-02-09,88.6,89.14,87.79,88.78,5123453
2026-02-10,89.58,89.58,87.25,87.7,6143120
2026-02-11,88.06,89.23,87.34,88.42,5525584
2026-02-12,88.78,88.96,88.24,88.6,4137993
2026-02-13,87.97,88.33,86.36,86.36,18546292
2026-02-23,86.8,86.8,83.49,84.74,22701438
2026-02-24,84.29,84.29,82.95,82.95,28627330
2026-02-25,82.68,82.95,79.81,79.9,47840750
2026-02-26,80.71,82.68,80.62,81.15,17593368
2026-02-27,81.6,83.84,80.98,83.31,18758235
2026-03-02,80.8,82.05,80.08,80.35,17330484
2026-03-03,80.8,81.51,78.02,78.02,16602632
2026-03-04,77.93,78.02,75.51,76.31,23868575
2026-03-05,77.57,77.84,75.68,75.68,15982927
2026-03-06,75.68,75.86,73.08,73.17,23821524
2026-03-09,68.15,68.78,68.06,68.06,17766972
2026-03-10,68.51,71.38,68.51,71.29,21164561
2026-03-11,71.74,72.64,70.21,71.92,10701103
2026-03-12,70.66,71.02,69.5,69.68,12780458
2026-03-13,69.14,70.39,68.42,69.05,9078212
2026-03-16,69.14,71.11,69.14,70.12,8696615
2026-03-17,71.2,72.9,70.93,71.2,9265415
2026-03-18,71.74,71.92,70.04,70.48,6387339
2026-03-19,69.68,69.77,68.69,68.87,11647254
2026-03-20,68.6,68.6,66.0,66.9,21498776
2026-03-23,66.09,68.24,64.21,65.55,13214004
2026-03-24,67.7,68.06,66.45,67.61,5216113
2026-03-25,68.33,69.05,67.79,69.05,7459339
2026-03-26,69.05,69.05,66.54,66.54,9779895
2026-03-27,66.81,68.42,66.36,68.24,9105756
2026-03-30,66.72,67.43,65.91,66.36,7850443
2026-03-31,67.17,67.7,66.72,66.99,5661662
2026-04-01,68.06,68.42,67.26,67.52,8562763
2026-04-02,67.43,67.43,66.54,66.99,5253234
2026-04-03,66.99,67.7,66.27,66.36,6367168
2026-04-06,66.36,66.81,65.91,66.27,4621686
2026-04-07,66.81,66.81,66.18,66.36,4738228
2026-04-08,68.15,70.93,67.34,70.93,14672698
2026-04-09,70.93,71.02,70.04,70.21,6305834
2026-04-10,70.48,70.84,69.32,69.68,6135566
2026-04-13,68.96,69.05,68.06,68.15,9589620
2026-04-14,69.05,69.23,68.15,68.33,7119383
2026-04-15,68.96,69.05,67.26,67.34,10094653
2026-04-16,67.79,67.79,66.36,66.45,11361615
2026-04-17,67.26,69.95,67.17,68.15,12391576
2026-04-20,68.42,69.05,68.24,68.96,6906174
2026-04-21,69.05,69.41,67.34,67.34,7170992
2026-04-22,67.7,67.7,66.45,66.9,8183660
2026-04-23,67.26,68.15,66.45,66.63,8007390
2026-04-24,66.36,66.45,65.64,65.82,10525022
2026-04-28,65.82,66.72,65.37,66.72,9542103
2026-04-29,65.82,67.7,65.82,67.7,9185869
2026-05-04,67.17,67.34,66.0,66.09,8328235
2026-05-05,66.09,66.81,65.28,66.63,6864166
2026-05-06,66.54,66.54,65.46,65.73,9488402
2026-05-07,66.27,66.63,65.46,65.46,10219324
2026-05-08,65.64,65.73,64.48,64.48,13514337
2026-05-11,64.3,64.3,62.77,62.77,17004224
2026-05-12,62.86,64.12,62.77,63.31,8577521
2026-05-13,63.31,64.12,62.77,63.4,11580539
2026-05-14,63.76,67.52,63.67,66.27,21629725
2026-05-15,66.54,66.54,65.19,65.37,6422714
2026-05-18,65.37,67.52,64.57,67.17,18371934
2026-05-19,67.26,67.97,66.63,66.81,11329616
2026-05-20,67.08,70.39,65.28,69.68,26047157
2026-05-21,69.68,69.86,67.88,68.6,11846629
2026-05-22,68.87,69.59,67.34,67.34,11705347
2026-05-25,66.9,67.79,65.91,65.91,10480758
2026-05-26,66.0,66.9,66.0,66.81,5124782
2026-05-27,66.81,67.52,65.55,66.0,9205891
2026-05-28,66.18,66.46,64.73,64.73,10693258
2026-05-29,64.73,65.91,64.36,65.09,5471427
2026-06-01,65.64,66.73,65.55,66.27,5994107
2026-06-02,66.36,68.73,66.36,68.0,17419530
2026-06-03,68.27,70.64,68.18,69.55,25354808
2026-06-04,69.73,70.18,68.91,69.18,11331159
2026-06-05,69.09,69.09,67.55,68.18,11249802
2026-06-08,67.0,67.73,66.18,66.27,10952915
2026-06-09,66.73,67.46,66.0,67.0,7803771
2026-06-10,66.82,67.73,66.82,67.46,4752653
2026-06-11,67.18,67.18,66.46,66.46,3530731
2026-06-12,66.91,67.55,66.82,66.82,5706685
2026-06-15,67.64,68.36,66.82,66.91,6442329
2026-06-16,67.0,67.46,66.46,66.55,5845462
2026-06-17,66.64,66.73,65.64,65.73,10690272
2026-06-18,65.73,65.73,65.0,65.09,13707034
2026-06-19,65.09,65.27,64.36,65.0,14351130
2026-06-22,65.0,65.18,63.91,64.18,9304230
2026-06-23,64.46,65.27,64.27,64.36,5766835
2026-06-24,64.55,64.73,63.73,64.36,6006343
2026-06-25,64.55,65.18,64.36,64.55,6614259
2026-06-26,64.82,64.82,63.91,64.36,4356942
2026-06-29,64.27,64.36,63.82,64.0,4644038
2026-06-30,64.09,64.36,63.82,63.82,6102114
2026-07-01,64.0,66.55,63.91,66.27,11660899
2026-07-02,66.27,66.64,65.91,65.91,5717508
2026-07-03,65.91,66.46,65.18,65.73,7509635
2026-07-06,65.82,67.27,65.36,66.36,11233572
2026-07-07,66.36,67.0,65.91,66.55,4574767
2026-07-08,65.82,66.18,65.0,65.55,6762590
2026-07-09,65.27,66.36,65.18,65.55,4454908
2026-07-10,65.46,65.73,64.18,64.18,7967984
2026-07-13,63.91,64.82,63.82,64.09,7770419
2026-07-14,63.91,64.46,63.64,63.91,6645191
2026-07-15,64.0,64.0,60.73,60.73,21371799
2026-07-16,60.64,61.82,58.82,61.82,13098059
2026-07-17,62.09,62.18,60.91,60.91,4018003
2026-07-20,60.82,61.55,60.09,61.0,7380593
2026-07-21,60.46,61.73,58.91,58.91,7578049
2026-07-22,59.09,61.36,58.73,58.73,10093715
2026-07-23,59.09,59.73,58.36,58.82,6310708
2026-07-24,58.46,58.64,57.09,57.18,5838418
2026-07-27,57.36,57.91,56.55,56.55,4478224
2026-07-28,56.27,57.91,55.91,57.27,5420645
2026-07-29,57.27,59.36,56.82,59.18,6130682
2026-07-30,59.27,61.09,58.91,60.91,7593543
2026-07-31,61.09,61.73,60.46,61.0,6274287
2026-08-03,61.27,65.18,61.18,65.18,16340533
2026-08-04,65.82,66.64,64.82,65.0,6618016
2026-08-05,65.64,65.64,63.82,63.91,6907875
2026-08-06,64.0,64.91,64.0,64.27,4647828
2026-08-07,64.64,65.18,63.91,64.36,4319872
2026-08-10,64.46,65.46,64.27,65.27,5271564
2026-08-11,65.09,66.46,64.55,64.73,6962033
2026-08-12,64.73,65.36,64.18,64.36,3700863
2026-08-13,64.55,64.82,62.91,62.91,7485967
2026-08-14,63.0,63.27,61.82,62.09,7159127
2026-08-17,62.18,63.09,62.18,62.55,4132177
2026-08-18,62.55,63.0,62.0,62.73,3401666
2026-08-19,62.73,62.91,62.36,62.64,1832096
2026-08-20,62.82,63.91,62.82,63.46,4484868
2026-08-21,63.55,65.46,63.18,65.46,7056454
2026-08-24,65.91,66.09,64.91,64.91,4637076
2026-08-25,64.91,65.46,64.27,64.27,4713701
2026-08-26,64.27,66.27,64.27,66.0,10189497
2026-08-27,66.0,66.09,65.64,65.64,3557606
2026-08-28,65.64,67.27,65.64,66.55,10229968
2026-09-03,66.36,66.36,65.46,65.64,4121476
2026-09-04,65.91,66.36,65.82,66.18,3564028
2026-09-07,66.36,67.09,65.64,65.82,7044994
2026-09-08,65.82,65.91,65.46,65.64,4285940
2026-09-09,65.73,66.36,65.55,65.82,3690922
2026-09-10,65.73,68.0,65.64,67.73,11978698
2026-09-11,67.64,67.64,66.09,66.09,5679029
2026-09-14,66.18,66.91,65.46,65.82,4881545
2026-09-15,66.09,66.73,65.91,66.09,3991403
2026-09-16,66.18,67.09,65.0,67.09,7767565
2026-09-17,66.64,67.55,66.0,67.55,6644193
2026-09-18,67.73,68.0,65.18,65.18,15529012
2026-09-21,66.5,66.8,65.0,66.4,8488671
2026-09-22,66.6,67.0,66.2,66.6,4905000
